epoch,steps,cosine-Accuracy@1,cosine-Accuracy@3,cosine-Accuracy@5,cosine-Accuracy@10,cosine-Precision@1,cosine-Recall@1,cosine-Precision@3,cosine-Recall@3,cosine-Precision@5,cosine-Recall@5,cosine-Precision@10,cosine-Recall@10,cosine-MRR@10,cosine-NDCG@10,cosine-MAP@100
1.0,10,0.5,0.8947368421052632,0.9736842105263158,1.0,0.5,0.5,0.29824561403508776,0.8947368421052632,0.19473684210526318,0.9736842105263158,0.10000000000000002,1.0,0.6971491228070177,0.7729728509442535,0.6971491228070176
2.0,20,0.4473684210526316,0.9473684210526315,0.9736842105263158,1.0,0.4473684210526316,0.4473684210526316,0.3157894736842106,0.9473684210526315,0.19473684210526318,0.9736842105263158,0.10000000000000002,1.0,0.6849415204678362,0.764861134308889,0.6849415204678362
